 企業名・進学先,年度を指定
KDDIエボルバ,2009年度
アシックス,2009年度
イトーキ,2009年度
コクヨ,2009年度
スプラシア,2009年度
マイナビ,2009年度
持田ヘルスケア,2009年度
寿精版印刷,2009年度
泉放送制作,2009年度
丹青社,2009年度
首都大学東京大学院,2009年度
首都大学東京大学院,2009年度
首都大学東京大学院,2009年度
首都大学東京大学院,2009年度
首都大学東京大学院,2009年度
首都大学東京大学院,2009年度
首都大学東京大学院,2009年度
首都大学東京大学院,2009年度
首都大学東京大学院,2009年度
首都大学東京大学院,2009年度
首都大学東京大学院,2009年度
首都大学東京大学院,2009年度
首都大学東京大学院,2009年度
首都大学東京大学院,2009年度
首都大学東京大学院,2009年度
首都大学東京大学院,2009年度
首都大学東京大学院,2009年度
首都大学東京大学院,2009年度
首都大学東京大学院,2009年度
首都大学東京大学院,2009年度
首都大学東京大学院,2009年度
首都大学東京大学院,2009年度
首都大学東京大学院,2009年度
首都大学東京大学院,2009年度
首都大学東京大学院,2009年度
首都大学東京大学院,2009年度
首都大学東京大学院,2009年度
首都大学東京大学院,2009年度
首都大学東京大学院,2009年度
情報科学芸術大学大学院,2009年度
多摩美術大学大学院,2009年度
東京学芸大学大学院,2009年度
インフォテクノ朝日,2010年度
ケーイーエンジニアリング,2010年度
コテンヒッツ,2010年度
サイバーコネクトツー,2010年度
センターメディア,2010年度
タナカグループ,2010年度
ティージー情報ネットワーク,2010年度
テレビ東京ブロードバンド,2010年度
マルニ,2010年度
ヤマダ,2010年度
旭化成アミダス,2010年度
日立製作所,2010年度
豊田自動織機,2010年度
良品計画,2010年度
お茶の水女子大学大学院,2010年度
産業技術大学院大学,2010年度
産業技術大学院大学,2010年度
産業技術大学院大学,2010年度
首都大学東京大学院,2010年度
首都大学東京大学院,2010年度
首都大学東京大学院,2010年度
首都大学東京大学院,2010年度
首都大学東京大学院,2010年度
首都大学東京大学院,2010年度
首都大学東京大学院,2010年度
首都大学東京大学院,2010年度
首都大学東京大学院,2010年度
首都大学東京大学院,2010年度
首都大学東京大学院,2010年度
首都大学東京大学院,2010年度
首都大学東京大学院,2010年度
首都大学東京大学院,2010年度
首都大学東京大学院,2010年度
首都大学東京大学院,2010年度
首都大学東京大学院,2010年度
首都大学東京大学院,2010年度
首都大学東京大学院,2010年度
首都大学東京大学院,2010年度
首都大学東京大学院,2010年度
首都大学東京大学院,2010年度
首都大学東京大学院,2010年度
首都大学東京大学院,2010年度
千葉大学大学院,2010年度
東京藝術大学大学院,2010年度
DYM,2011年度
LIXIL,2011年度
NHKアート,2011年度
ZNEM,2011年度
アドウェイズ,2011年度
エムティーアイ,2011年度
オカダヤ,2011年度
オムニバス・ジャパン,2011年度
ガマニアデジタルエンターテインメント,2011年度
キヤノン電子,2011年度
ケント照明,2011年度
ティー・ケー・ジー,2011年度
ナイキ,2011年度
ニトリ,2011年度
ベガエンタテイメント,2011年度
ミサワホーム東関東,2011年度
ミツエーリンクス,2011年度
モスキート,2011年度
ヤフー,2011年度
ヨドバシカメラ,2011年度
ロクシタンジャポン,2011年度
オカムラ（旧：岡村製作所）,2011年度
劇場創造ネットワーク,2011年度
三洋物産,2011年度
鹿島建設,2011年度
電算,2011年度
東映シーエム,2011年度
東京海上日動システムズ,2011年度
藤田建装,2011年度
博報堂アイ・スタジオ,2011年度
慶應義塾大学大学院,2011年度
首都大学東京大学院,2011年度
首都大学東京大学院,2011年度
首都大学東京大学院,2011年度
首都大学東京大学院,2011年度
首都大学東京大学院,2011年度
首都大学東京大学院,2011年度
首都大学東京大学院,2011年度
首都大学東京大学院,2011年度
首都大学東京大学院,2011年度
首都大学東京大学院,2011年度
首都大学東京大学院,2011年度
首都大学東京大学院,2011年度
首都大学東京大学院,2011年度
首都大学東京大学院,2011年度
首都大学東京大学院,2011年度
首都大学東京大学院,2011年度
首都大学東京大学院,2011年度
首都大学東京大学院,2011年度
首都大学東京大学院,2011年度
首都大学東京大学院,2011年度
首都大学東京大学院,2011年度
JALスカイ,2011年度
アート印刷,2011年度
アクアラボ,2011年度
アシックス,2011年度
オリエンタルランド,2011年度
カシオ計算機,2011年度
カルチュア・コンビニエンス・クラブ,2011年度
クリナップ,2011年度
ケーヨー,2011年度
コンベンションリンケージ,2011年度
シャープ,2011年度
セメントプロデュースデザイン,2011年度
タカラスペースデザイン,2011年度
バッファロー,2011年度
ピクシブ,2011年度
ヤフー,2011年度
ロフト,2011年度
三菱UFJインフォメーションテクノロジー,2011年度
蛇の目ミシン工業,2011年度
本田技術研究所,2011年度
本田技術研究所,2011年度
首都大学東京大学院,2011年度
U-NEXT,2012年度
VSN,2012年度
ヴァンドームヤマダ,2012年度
オムニバス・ジャパン,2012年度
カシオ計算機,2012年度
キデイランド,2012年度
クリーク・アンド・リバー社,2012年度
コイズミ照明,2012年度
コトブキシーティング,2012年度
サントリーホールディングス,2012年度
スペース,2012年度
ティー・ワイ・オー,2012年度
ディスパ,2012年度
デル,2012年度
トーヨーキッチンアンドリビング,2012年度
バウハウス丸栄,2012年度
バンダイ,2012年度
ファッション須賀,2012年度
マスターピース・グループ,2012年度
ミツエーリンクス,2012年度
モバイル＆ゲームスタジオ,2012年度
モルトベーネ,2012年度
レイ,2012年度
ワンパク,2012年度
吉田製作所,2012年度
曙,2012年度
小田急百貨店,2012年度
大川,2012年度
日水製薬,2012年度
日本コンピューター・システム,2012年度
本多商事,2012年度
六三印刷,2012年度
首都大学東京大学院,2012年度
首都大学東京大学院,2012年度
首都大学東京大学院,2012年度
首都大学東京大学院,2012年度
首都大学東京大学院,2012年度
首都大学東京大学院,2012年度
首都大学東京大学院,2012年度
首都大学東京大学院,2012年度
首都大学東京大学院,2012年度
首都大学東京大学院,2012年度
首都大学東京大学院,2012年度
首都大学東京大学院,2012年度
首都大学東京大学院,2012年度
首都大学東京大学院,2012年度
首都大学東京大学院,2012年度
首都大学東京大学院,2012年度
首都大学東京大学院,2012年度
首都大学東京大学院,2012年度
首都大学東京大学院,2012年度
首都大学東京大学院,2012年度
首都大学東京大学院,2012年度
首都大学東京大学院,2012年度
東京藝術大学大学院,2012年度
桑沢デザイン研究所,2012年度
アマナインタラクティブ,2012年度
オロ,2012年度
グラフィカ,2012年度
ジェピコ,2012年度
テイ・エス　テック,2012年度
デオック,2012年度
トヨタテクニカルディベロップメント,2012年度
トヨタ自動車,2012年度
トヨタ自動車東日本,2012年度
トヨタ紡織,2012年度
マイナビ,2012年度
ミクシィ,2012年度
ムラヤマ,2012年度
ヤマハ発動機,2012年度
ランドマック,2012年度
ランドマック,2012年度
昭栄美術,2012年度
日中通信社,2012年度
日本エアーテック,2012年度
日本清華同方ソフトウェア,2012年度
日立ソリューションズ,2012年度
首都大学東京大学院,2012年度
首都大学東京大学院,2012年度
首都大学東京大学院,2012年度
首都大学東京大学院,2012年度
首都大学東京大学院,2012年度
千葉大学大学院,2012年度
CydesigNatioN,2013年度
JVCケンウッド（旧社名：ケンウッド）,2013年度
Kプロビジョン（旧社名：ピー・アール・オー）,2013年度
NTTデータ,2013年度
NTTデータ アイ,2013年度
アールシーコア,2013年度
アイネス,2013年度
あとらす二十一,2013年度
イリア,2013年度
エルアンドシーデザイン,2013年度
クリエイティブコミュニケイションズ,2013年度
サジェスト,2013年度
ジーユー,2013年度
シリコンスタジオ,2013年度
スタジオフェイク,2013年度
スペース,2013年度
スペース,2013年度
スペース,2013年度
セプテーニ・ホールティングス,2013年度
トヨタ紡織,2013年度
パスコ,2013年度
フジヤ,2013年度
フューチャーリンクネットワーク,2013年度
ブラビス・インターナショナル,2013年度
ホテル・ニューグランド,2013年度
ホンダコムテック,2013年度
ミツエーリンクス,2013年度
リベルタ,2013年度
金羊社,2013年度
三菱UFJインフォメーションテクノロジー,2013年度
神奈川県庁,2013年度
青葉広告,2013年度
赤坂グラフィックスアート,2013年度
太陽企画,2013年度
藤田建装,2013年度
凸版印刷,2013年度
凸版印刷,2013年度
日之出出版,2013年度
首都大学東京大学院,2013年度
首都大学東京大学院,2013年度
首都大学東京大学院,2013年度
首都大学東京大学院,2013年度
首都大学東京大学院,2013年度
首都大学東京大学院,2013年度
首都大学東京大学院,2013年度
首都大学東京大学院,2013年度
首都大学東京大学院,2013年度
首都大学東京大学院,2013年度
首都大学東京大学院,2013年度
首都大学東京大学院,2013年度
首都大学東京大学院,2013年度
東京藝術大学大学院,2013年度
神奈川県立西部総合職業技術校,2013年度
,2013年度
,2013年度
,2013年度
,2013年度
,2013年度
PFU,2013年度
アシックス,2013年度
インターカタログネット,2013年度
スパイスボックス,2013年度
ソフトバンクグループ,2013年度
タカラスペースデザイン,2013年度
ツインバード工業,2013年度
フジデノロ,2013年度
ホンヤク出版社,2013年度
ミクシィ,2013年度
ミサワホーム,2013年度
ムラヤマ,2013年度
ワークスアプリケーションズ,2013年度
吉田製作所,2013年度
青森県立美術館,2013年度
丹青社,2013年度
日産自動車,2013年度
日本廣告社,2013年度
日野自動車,2013年度
博報堂アイ・スタジオ,2013年度
富士ゼロックスマニュファクチュアリング,2013年度
富士フイルムグローバルグラフィックシステムズ,2013年度
富士通システムズ・イースト（旧社名：富士通システムソリューションズ）,2013年度
,2013年度
,2013年度
,2013年度
,2013年度
Hamee,2014年度
JVIS,2014年度
NHKアート,2014年度
SDP,2014年度
アークシステム,2014年度
アクティブワーク,2014年度
アシェット,2014年度
アドブレーン,2014年度
アルパイン,2014年度
イトーキ,2014年度
エイ・ネット,2014年度
エイド・ディーシーシー,2014年度
エクストリーム,2014年度
カヤック,2014年度
クリエイティブコミュニケイションズ,2014年度
ぐるなび,2014年度
サイゼリヤ,2014年度
サイフォン合同会社,2014年度
ジーユー,2014年度
タイトー,2014年度
タカラスペースデザイン,2014年度
デルフィス,2014年度
ノムラデュオ,2014年度
フィールズ,2014年度
ブリングアップ史,2014年度
ベーシック,2014年度
ヤフー,2014年度
ロコンド,2014年度
興和化成,2014年度
新日鉄住金マテリアルズ,2014年度
豊田自動織機,2014年度
髙島屋スペースクリエイツ,2014年度
首都大学東京大学院,2014年度
首都大学東京大学院,2014年度
首都大学東京大学院,2014年度
首都大学東京大学院,2014年度
首都大学東京大学院,2014年度
首都大学東京大学院,2014年度
首都大学東京大学院,2014年度
首都大学東京大学院,2014年度
首都大学東京大学院,2014年度
首都大学東京大学院,2014年度
首都大学東京大学院,2014年度
首都大学東京大学院,2014年度
首都大学東京大学院,2014年度
首都大学東京大学院,2014年度
首都大学東京大学院,2014年度
首都大学東京大学院,2014年度
首都大学東京大学院,2014年度
首都大学東京大学院,2014年度
首都大学東京大学院,2014年度
首都大学東京大学院,2014年度
首都大学東京大学院,2014年度
首都大学東京大学院,2014年度
首都大学東京大学院,2014年度
首都大学東京大学院,2014年度
首都大学東京大学院,2014年度
東京都立大学大学院,2014年度
東京藝術大学大学院,2014年度
社会医学技術学院　理学療法学科,2014年度
,2014年度
,2014年度
,2014年度
,2014年度
,2014年度
,2014年度
,2014年度
イトーキ,2014年度
インテリジェントシステムズ,2014年度
ウィズコーポレーション,2014年度
エムティーアイ,2014年度
オプトエレクトロニクス,2014年度
カルソニックカンセイ,2014年度
キヤノンITソリューションズ,2014年度
トヨタ自動車,2014年度
ミサワホーム,2014年度
ムラヤマ,2014年度
ヤフー,2014年度
リクルートホールディングス,2014年度
華信コンピュータージャパン,2014年度
蛇の目ミシン工業,2014年度
小島プレス工業,2014年度
丹青社,2014年度
東日本旅客鉄道,2014年度
富士通ゼネラル,2014年度
文化工房,2014年度
東京藝術大学大学院,2014年度
東京藝術大学大学院,2014年度
,2014年度
,2014年度
,2014年度
,2014年度
BIRDMAN,2015年度
アートディンク,2015年度
アートプレスト,2015年度
アートプレスト,2015年度
エクシング,2015年度
エクス・アドメディア,2015年度
コクヨ,2015年度
コトブキシーティング,2015年度
さくら情報システム,2015年度
シミズオクト,2015年度
ジャステック,2015年度
ジャノメクレディア,2015年度
スパイスボックス,2015年度
スペース,2015年度
チームラボ,2015年度
ビーワークス,2015年度
マガシーク,2015年度
ラックランド,2015年度
協同工芸社,2015年度
協同工芸社,2015年度
山崎製パン,2015年度
小島プレス工業,2015年度
丹青社,2015年度
田島ルーフィング,2015年度
東急ハンズ,2015年度
藤田建装,2015年度
凸版印刷,2015年度
富士通CIT,2015年度
慶應義塾大学大学院,2015年度
東京都立大学大学院,2015年度
東京都立大学大学院,2015年度
東京都立大学大学院,2015年度
東京都立大学大学院,2015年度
東京都立大学大学院,2015年度
東京都立大学大学院,2015年度
東京都立大学大学院,2015年度
東京都立大学大学院,2015年度
東京都立大学大学院,2015年度
東京都立大学大学院,2015年度
東京都立大学大学院,2015年度
東京都立大学大学院,2015年度
東京都立大学大学院,2015年度
東京都立大学大学院,2015年度
東京都立大学大学院,2015年度
東京都立大学大学院,2015年度
東京都立大学大学院,2015年度
東京都立大学大学院,2015年度
東京都立大学大学院,2015年度
東京都立大学大学院,2015年度
東京都立大学大学院,2015年度
奈良先端科学技術大学院大学,2015年度
,2015年度
,2015年度
,2015年度
,2015年度
,2015年度
,2015年度
,2015年度
,2015年度
,2015年度
,2015年度
ShimcheNg Plastics MachiNery,2015年度
エムティーアイ,2015年度
オロ,2015年度
カプコン,2015年度
トヨタ自動車,2015年度
ネクスト,2015年度
ノーニューフォークスタジオ,2015年度
ヤフー,2015年度
高島屋スペースクリエイツ,2015年度
電通iX,2015年度
日野自動車,2015年度
富士通,2015年度
富士通,2015年度
富士通総研,2015年度
千葉大学大学院,2015年度
東京都立大学大学院,2015年度
,2015年度
,2015年度
,2015年度
,2015年度
,2015年度
東京都立大学大学院,2015年度
,2015年度
DNPコミュニケーションデザイン,2016年度
GROUND,2016年度
イトマンスイミングスクール,2016年度
エイムクリエイツ（丸井グループ）,2016年度
エクスコア,2016年度
オンキヨー,2016年度
ジイケイグラフィックス,2016年度
ツイン・エンジン,2016年度
テイ・デイ・エス,2016年度
ヌーベルメディア,2016年度
バップ（VAP iNc.）,2016年度
ビーワークス,2016年度
ビサイド,2016年度
ミサワホームイング,2016年度
ラウンドワン,2016年度
リクルートホールディングス,2016年度
リブセンス,2016年度
レイアップ,2016年度
レイアップ,2016年度
旭化成アミダス,2016年度
横浜市役所,2016年度
協同工芸社,2016年度
秀光,2016年度
大洋システムテクノロジー,2016年度
中央区役所,2016年度
東京都庁,2016年度
日産自動車,2016年度
文化工房,2016年度
壽屋,2016年度
東京都立大学大学院,2016年度
東京都立大学大学院,2016年度
東京都立大学大学院,2016年度
東京都立大学大学院,2016年度
東京都立大学大学院,2016年度
東京都立大学大学院,2016年度
東京都立大学大学院,2016年度
東京都立大学大学院,2016年度
東京都立大学大学院,2016年度
東京都立大学大学院,2016年度
東京都立大学大学院,2016年度
東京都立大学大学院,2016年度
東京都立大学大学院,2016年度
東京都立大学大学院,2016年度
東京都立大学大学院,2016年度
東京都立大学大学院,2016年度
東京都立大学大学院,2016年度
東京都立大学大学院,2016年度
東京都立大学大学院,2016年度
東京都立大学大学院,2016年度
東京都立大学大学院,2016年度
東京都立大学大学院,2016年度
東京都立大学大学院,2016年度
HIVEC,2016年度
IIJグローバルソリューションズ,2016年度
SUBARU,2016年度
アースケイプ,2016年度
オーディオテクニカ,2016年度
クックパッド,2016年度
クリエイティブコミュニケイションズ,2016年度
シチズン時計,2016年度
シャノン,2016年度
ソニー,2016年度
テクノサイト,2016年度
トータルメディア開発研究所,2016年度
トヨタ自動車,2016年度
パナソニック,2016年度
フィールドフォー・デザインオフィス,2016年度
フューチャーリンクネットワーク,2016年度
ムラヤマ,2016年度
モデュレックス,2016年度
ヤフー,2016年度
リクルートホールディングス,2016年度
ロックハーツ,2016年度
電通東日本,2016年度
凸版印刷,2016年度
日本デザインセンター,2016年度
博展,2016年度
富士通デザイン,2016年度
,2016年度
,2016年度
,2016年度
HERE.,2017年度
LIHIT LAB.,2017年度
アクセスプログレス,2017年度
あとらす二十一,2017年度
エー・ディー・ワークス,2017年度
キャンプフォー,2017年度
サンゲツ,2017年度
セプテーニ・ホールティングス,2017年度
トヨタ自動車,2017年度
トライエース,2017年度
ドワンゴ,2017年度
ナイキ,2017年度
ピクシブ,2017年度
ピクス,2017年度
プライマル,2017年度
プロテラス,2017年度
ムラヤマ,2017年度
ユーコーコミュニティ,2017年度
ライオン事務器,2017年度
三菱電機ビジネスシステム,2017年度
焼津市役所,2017年度
東京聖徳学園,2017年度
日本アイ・ビー・エムデジタルサービス（入社時：日本アイ・ビー・エム・サービス）,2017年度
日本生命保険,2017年度
慶應義塾大学大学院,2017年度
東京都立大学大学院,2017年度
東京都立大学大学院,2017年度
東京都立大学大学院,2017年度
東京都立大学大学院,2017年度
東京都立大学大学院,2017年度
東京都立大学大学院,2017年度
東京都立大学大学院,2017年度
東京都立大学大学院,2017年度
東京都立大学大学院,2017年度
東京都立大学大学院,2017年度
東京都立大学大学院,2017年度
東京都立大学大学院,2017年度
東京都立大学大学院,2017年度
東京都立大学大学院,2017年度
東京都立大学大学院,2017年度
東京都立大学大学院,2017年度
東京都立大学大学院,2017年度
東京都立大学大学院,2017年度
東京都立大学大学院,2017年度
東京都立大学大学院,2017年度
東京都立大学大学院,2017年度
東京都立大学大学院,2017年度
東京都立大学大学院,2017年度
東京藝術大学大学院,2017年度
MUJI上海,2017年度
アイリスオーヤマ,2017年度
アシックス,2017年度
アルパイン,2017年度
オカムラ（旧：岡村製作所）,2017年度
サイバーエージェント,2017年度
セガエンタテインメント,2017年度
ゼンリンデータコム,2017年度
ソニー,2017年度
トヨタ自動車,2017年度
ぴあ,2017年度
ビズリーチ,2017年度
プラス,2017年度
プラネットデザインアンドコンサルティング,2017年度
マックス,2017年度
ヤフー,2017年度
ヤフー,2017年度
ヤフー,2017年度
リノベる,2017年度
ローランド,2017年度
ローランド,2017年度
協同工芸社,2017年度
小島プレス工業,2017年度
星野リゾートマネジメント,2017年度
大建設計,2017年度
電通ライブ,2017年度
島津製作所,2017年度
東芝テック,2017年度
日立ソリューションズ・クリエイト,2017年度
博報堂DYデジタル,2017年度
慶應義塾大学大学院,2017年度
東京都立大学大学院,2017年度
東京都立大学大学院,2017年度
合同会社エイボエンタープライズ,2017年度
帝国データバンク,2017年度
DCMサンワ,2018年度
NTTコムウェア,2018年度
アイ・エム・ジェイ,2018年度
アキュラホーム,2018年度
アドバンド,2018年度
アピリッツ,2018年度
エイジ・エンタテインメント,2018年度
エイベックス,2018年度
エードット,2018年度
エーピーコミュニケーションズ,2018年度
オカムラ（旧：岡村製作所）,2018年度
サイバーエージェント,2018年度
サイバーエージェント,2018年度
セントラルデザイン,2018年度
デジタル・アドバタイジング・コンソーシアム,2018年度
トリプル・ダブリュー・ジャパン,2018年度
ノジマ,2018年度
バンダイナムコゲームス,2018年度
古林紙工,2018年度
三越伊勢丹,2018年度
千葉銀行,2018年度
船場,2018年度
大和ハウス工業,2018年度
竹尾,2018年度
中央宣伝企画,2018年度
天狼院書店,2018年度
藤沢市役所,2018年度
特別区,2018年度
内田洋行,2018年度
日研トータルソーシング,2018年度
博展,2018年度
富士ソフト,2018年度
富士通,2018年度
六三印刷,2018年度
東京都立大学大学院,2018年度
東京都立大学大学院,2018年度
東京都立大学大学院,2018年度
東京都立大学大学院,2018年度
東京都立大学大学院,2018年度
東京都立大学大学院,2018年度
東京都立大学大学院,2018年度
東京都立大学大学院,2018年度
東京都立大学大学院,2018年度
東京都立大学大学院,2018年度
東京都立大学大学院,2018年度
東京都立大学大学院,2018年度
東京都立大学大学院,2018年度
東京都立大学大学院,2018年度
東京都立大学大学院,2018年度
東京都立大学大学院,2018年度
東京都立大学大学院,2018年度
東京都立大学大学院,2018年度
東京都立大学大学院,2018年度
東京都立大学大学院,2018年度
東京都立大学大学院,2018年度
東京都立大学大学院,2018年度
東京都立大学大学院,2018年度
東京都立大学大学院,2018年度
東京都立大学大学院,2018年度
DNPデジタルソリューションズ,2018年度
ESRIジャパン,2018年度
lute,2018年度
イリア,2018年度
カール事務器,2018年度
カカクコム,2018年度
グリー,2018年度
シャープ,2018年度
せんだいメディアテーク,2018年度
トッパン・フォームズ,2018年度
パンアートクリエイト,2018年度
十十（jitto）,2018年度
東芝,2018年度
日本電気,2018年度
日野自動車,2018年度
任天堂,2018年度
富士通デザイン,2018年度
本田技術研究所,2018年度
東京都立大学大学院,2018年度
東京都立大学大学院,2018年度
東京都立大学大学院,2018年度
,2018年度
,2018年度
,2018年度
,2018年度
,2018年度
,2018年度
ALL CONNECT,2019年度
NECマネジメントパートナー,2019年度
TIS,2019年度
UNITED PRODUCTIONS,2019年度
アイ・エム・ジェイ,2019年度
アイダ設計,2019年度
アズビル,2019年度
イープラス,2019年度
イトーキ,2019年度
ヴァリアス・ディメンションズ,2019年度
ヴィス,2019年度
オーデリック,2019年度
オリコム,2019年度
オロ,2019年度
カシオ計算機,2019年度
クオン,2019年度
クレオ,2019年度
シーシーエス,2019年度
ジープラ,2019年度
セプテーニ・ホールティングス,2019年度
ティー・ワイ・オー,2019年度
ナビタイムジャパン,2019年度
モンスターズエッグ,2019年度
レイアップ,2019年度
一九堂印刷所,2019年度
学校法人東放学園,2019年度
楽天カード,2019年度
水上印刷,2019年度
東京工科大学,2019年度
東京都庁,2019年度
日本郵便,2019年度
富士通ゼネラル,2019年度
お茶の水女子大学大学院,2019年度
東京都立大学大学院,2019年度
東京都立大学大学院,2019年度
東京都立大学大学院,2019年度
東京都立大学大学院,2019年度
東京都立大学大学院,2019年度
東京都立大学大学院,2019年度
東京都立大学大学院,2019年度
東京都立大学大学院,2019年度
東京都立大学大学院,2019年度
東京都立大学大学院,2019年度
東京都立大学大学院,2019年度
東京都立大学大学院,2019年度
東京都立大学大学院,2019年度
東京都立大学大学院,2019年度
東京都立大学大学院,2019年度
東京都立大学大学院,2019年度
esriジャパン,2019年度
HIKVISION,2019年度
NTTインターコミュニケーション・センター,2019年度
NTT印刷,2019年度
アムタス,2019年度
イグジット,2019年度
オカムラ（旧：岡村製作所）,2019年度
オカムラ（旧：岡村製作所）,2019年度
オカムラ（旧：岡村製作所）,2019年度
オトングラス,2019年度
コスモスイニシア,2019年度
サイバーエージェント,2019年度
サイバーエージェント,2019年度
シャープ,2019年度
セガ・インタラクティブ,2019年度
ノーニューフォークスタジオ,2019年度
パナソニック,2019年度
メンバーズ,2019年度
メンバーズ,2019年度
ヤフー,2019年度
リコー,2019年度
丹青社,2019年度
日産自動車,2019年度
博展,2019年度
本田技術研究所,2019年度
網易　(ネットイース),2019年度
,2019年度
,2019年度
,2019年度
,2019年度
,2019年度
BEGIN,2020年度
EVC,2020年度
SOLIZE ENgiNeeriNg,2020年度
SUNYSIDE,2020年度
アイティシステム,2020年度
アイリスオーヤマ,2020年度
アクセス ネクステージ,2020年度
アルテピアッツァ,2020年度
エイチーム,2020年度
オープンハウス・ディベロップメント,2020年度
サイバーエージェント,2020年度
サイバーエージェント,2020年度
ジェイアール東日本企画,2020年度
ディー・エヌ・エー（DeNA）,2020年度
テレビ朝日クリエイト,2020年度
バトン,2020年度
フォーク,2020年度
ポケモン,2020年度
ラックランド,2020年度
進研アド,2020年度
大和総研グループ（新：大和総研）,2020年度
中之郷信用組合,2020年度
日産車体,2020年度
日本たばこ産業,2020年度
日野市役所,2020年度
東京都立大学大学院,2020年度
東京都立大学大学院,2020年度
東京都立大学大学院,2020年度
東京都立大学大学院,2020年度
東京都立大学大学院,2020年度
東京都立大学大学院,2020年度
東京都立大学大学院,2020年度
東京都立大学大学院,2020年度
東京都立大学大学院,2020年度
東京都立大学大学院,2020年度
東京都立大学大学院,2020年度
東京都立大学大学院,2020年度
東京都立大学大学院,2020年度
東京都立大学大学院,2020年度
東京都立大学大学院,2020年度
東京都立大学大学院,2020年度
東京都立大学大学院,2020年度
東京都立大学大学院,2020年度
東京都立大学大学院,2020年度
東京都立大学大学院,2020年度
東京都立大学大学院,2020年度
東京都立大学大学院,2020年度
東京都立大学大学院,2020年度
東京都立大学大学院,2020年度
東京都立大学大学院,2020年度
東京都立大学大学院,2020年度
東京都立大学大学院,2020年度
デジタルハリウッド（専門スクール）,2020年度
桑沢デザイン研究所,2020年度
JVCケンウッド,2020年度
NECソリューションイノベータ,2020年度
NTTデータMSE,2020年度
OKデザイン室,2020年度
アイエイアイ,2020年度
ジャムコ,2020年度
チームラボ,2020年度
デンソー,2020年度
トップ・パートナーズ,2020年度
トランスフォーム,2020年度
パナソニック,2020年度
ビルディット,2020年度
フィールドフォー・デザインオフィス,2020年度
フェロールーム,2020年度
ミサワホーム,2020年度
ヤマハ発動機,2020年度
篠原紙工,2020年度
大空出版,2020年度
電通ライブ,2020年度
東日本電信電話,2020年度
日本電気,2020年度
日野自動車,2020年度
乃村工藝社,2020年度
物語コーポレーション,2020年度